{"count":1,"self":2.104271,"total":3.350269,"children":{"AgentResetIfDone":{"count":1413,"self":0.046557,"total":0.046557,"children":null},"AgentSendState":{"count":1413,"self":0.17753,"total":0.42557999999999996,"children":{"CollectObservations":{"count":5660,"self":0.24805,"total":0.24805,"children":null}}},"BrainDecideAction":{"count":1413,"self":0.439506,"total":0.439506,"children":null},"AcademyStep":{"count":1413,"self":0.032563999999999996,"total":0.032563999999999996,"children":null},"AgentAct":{"count":1413,"self":0.300821,"total":0.300821,"children":null}}}